,CH 1,CH 2,CH 3,CH 4,CH 5,CH 6,CH 7,CH 8,CH 9,CH 10,CH 11,CH 12,CH 13,CH 14,CH 15,CH 16,CH 17,CH 18,CH 19,CH 20,CH 21,CH 22,CH 23,CH 24,CH 25,CH 26,CH 27,CH 28,TTL
0,-31.140106818529,-2.493489446595,12.522073826799,-3.353060814326,16.291026527627,-5.512043682784,27.484807602747,-10.478329059526,-4.251558531113,-5.868625066207,-37.259478094919,26.061432892823,-8.209329677597,3.165933764372,-19.355532081011,24.812614161262,-4.942640833297,4.325798310273,-8.267802931648,-10.085336855336,-28.336870362086,25.721524954853,-18.248557009824,-27.139249241935,-22.436600729462,1.321050797012,24.866340465724,-3.506705572103,-51.197602338523
1,-29.307741130369,2.279432153643,12.501785233796,-2.505360322641,19.574280226094,-8.942406691366,24.622614743703,-6.565063725149,-6.917435838447,-5.139692007684,-41.417021688712,23.192074562309,-3.839515004465,2.329648653692,-9.148933647042,23.406427381805,-4.977010466373,0.279415961043,-5.075120636974,-11.686516272164,-26.154385416668,32.895857581908,-14.221495478307,-22.744367569465,-27.947957267595,-7.385499386324,22.452349994474,0.701582240659,-51.594186621251
2,-27.702282955172,8.922329645685,14.970568883440,0.285329178398,20.652231339676,-9.747791230548,26.470480512646,-6.540420898586,-9.932171268679,-0.615748972458,-36.626038044838,22.963659068978,-2.398272572677,3.737460767758,-1.928567786637,23.620137496396,-5.637751819085,0.656363368150,-0.912207131308,-12.208351114238,-27.076402828840,38.526148806376,-15.601179442449,-15.642572341337,-22.937030631893,-13.814238150441,23.307526620007,2.255787160254,-48.658831164476
3,-24.823603667431,20.961865550818,12.206322108035,3.033809498828,24.628967501890,-9.420399660295,27.115458519113,-10.580718132909,-11.501466034991,4.979851863918,-25.510287847273,26.240491095696,-6.122523453208,7.036919830550,4.434659192754,26.495219904221,-4.470479196333,-1.613234928270,4.753774932306,-9.307396733926,-28.811295840215,38.885423745906,-19.386737495272,-11.632625103480,-9.342134147233,-17.592625110840,27.190152345114,6.018527514525,-40.682913990009
4,-19.734471382648,26.244550696437,9.041902232023,8.908017819510,25.174936960689,-8.281375698802,19.839374565982,-14.894536694088,-11.986889553518,10.286699236256,-13.723965825306,28.562710336987,-15.090657164247,8.758918616016,8.593570209425,32.656041691083,-0.593427691135,-2.906817735723,14.016879351143,-3.821302310529,-32.614071072792,34.674176882528,-21.373619921985,-10.978757758712,4.864436644541,-20.969162073572,32.160365915817,10.067109321645,-32.490956404604
5,-17.468192604636,21.649465055864,8.320501241198,13.694698027018,18.093875873220,-8.672920135613,15.751258437179,-14.874097981411,-13.849096662497,16.518191680933,-2.493020203263,28.523141264713,-21.472920413200,5.587797786108,9.875392394351,35.919534885542,1.265532103492,-3.480928586400,20.612187024572,1.734800836973,-39.022032871770,30.971764838612,-21.088889805273,-8.621458208204,15.098475788391,-20.583873846003,36.749585270843,12.577030789844,-24.493706706906
6,-16.524288084323,13.981905522757,6.367354532237,17.085444129552,10.607493000624,-12.806263218633,16.379748053538,-14.934141307996,-14.092675176145,19.238013901409,3.323084686492,28.198264153104,-25.913338830292,-0.200937160855,5.329351843741,31.495870841356,-0.093366900056,-6.377470072109,21.842831680323,6.808139512130,-42.534147631406,28.343410185150,-20.428639717365,-4.518359422011,18.182199667273,-17.507203306004,41.403603405101,13.195944846939,-18.772938534554
7,-15.436249764616,3.612665791221,6.586350682193,20.885498173143,7.737964271693,-20.968233623536,15.882481500336,-14.015990125241,-13.051668268051,15.672712129221,1.344107487242,25.380676108706,-27.156821870133,-8.181065505629,-2.041087935613,21.621129479109,-3.483096947873,-10.472280520225,18.950250215938,8.353175043052,-41.469411275492,26.259111274530,-20.773421956004,-0.932773140185,13.439842484298,-13.196230883484,49.340408245247,12.736738569987,-16.258410258177
8,-13.459321158283,-3.499616385242,4.947366614834,23.153581308250,5.850638874082,-30.481863797263,18.604756126054,-9.327721051038,-7.816614510022,9.343773254612,-4.695536302196,18.945058629425,-21.598395535004,-14.542479543245,-3.844911299925,11.015627685197,-8.229223478131,-14.629911787972,15.717485995409,4.275022671668,-39.759534304325,24.598271900906,-21.837512986259,5.259159705586,5.455157380054,-3.904123406779,55.662280552744,11.329080014185,-12.642418348574
9,-9.690314296181,-2.869102882887,-0.324663767111,21.056752318106,-0.313657711797,-36.575992247144,26.827394253313,-5.267955354363,-4.285754445727,3.136906229200,-12.385478791495,6.400300502624,-13.147085216235,-13.135040260947,-2.748926916271,1.814706137048,-11.551703337989,-18.433090616189,13.170284365506,-2.784402182874,-39.787922289146,26.555662035442,-23.911272613249,12.499437267858,-3.757520377635,5.590575253347,54.214114748767,6.319864429368,-5.998923110707
10,-7.307730549914,4.952067314497,-6.941679178216,15.154526784545,-7.462916609292,-39.697987348199,34.423905248471,-4.579856005712,-7.644241697820,-1.915844802779,-20.184235445759,-6.114743269971,-7.929442830752,-5.471385192720,-3.202847579884,-0.779702436585,-17.961943671732,-20.905099827878,11.508033299142,-6.113108194527,-40.076856637290,29.356412681834,-24.693330362013,12.481907259529,-7.653415743716,11.055536372383,52.207347600791,0.697382245212,3.731866684222
11,-8.545384193233,13.048812285193,-11.179382121139,10.157158397921,-10.853282374931,-37.580542106794,36.629808737949,-6.943550358035,-11.480644771767,-6.374366991118,-22.496743161443,-11.264155464066,-10.751062134533,0.980894389024,-2.936765528630,6.234583481626,-23.459962681724,-22.411690860743,8.673304196775,-3.907768738879,-39.943834604235,32.093158699665,-23.857808740721,4.802712748234,-2.437286072920,12.562286576533,51.707666120505,-0.925533915663,4.629209499617
12,-11.804049880313,13.074760665869,-9.981813044065,6.532381355994,-13.654275808219,-33.710365287447,36.526205344029,-10.309265795030,-16.125458445620,-6.634730315530,-16.675351204735,-8.917584248238,-17.465009957955,1.263527064524,-0.043621829061,12.224542521885,-22.229708435453,-22.472112199912,7.606151171103,-0.894620862877,-39.154624120352,34.009995074016,-25.238364711106,-3.674584551492,4.266692907578,11.332552144147,49.216983241565,-2.601386219339,-2.213051215598
13,-16.310102779910,11.095524145646,-8.768751635892,4.927690861469,-18.661248110758,-34.204534562751,30.823608055352,-12.945927258540,-19.497881079369,-1.148731064251,-6.236942528745,-2.657277552589,-23.026061088134,-1.080704261797,2.672519497036,14.281684216854,-19.218405647152,-25.977561237548,11.569800080949,2.401358163093,-36.494734187018,32.387425329130,-27.819712699786,-7.298650038886,8.108211698729,10.404148799303,45.712094823043,-3.362798666430,-6.376366595155
14,-20.104006874542,7.313011618855,-9.408826859020,6.604991318622,-24.196153952064,-39.149502604998,18.828042438402,-13.654388708353,-18.638026279402,4.747621614272,2.390186331352,3.922228586159,-26.825286855220,-4.268800340965,2.499039362181,17.118636106388,-18.805333572638,-33.679440081069,11.660916047889,5.233348179120,-31.547530939886,31.390348261061,-29.597245357687,-5.374186000259,8.842281791387,9.420082487146,43.578586026069,-1.970216824825,-11.447489850605
15,-21.868478624425,3.309045210393,-9.279967876327,7.810158390709,-26.831382336009,-41.066772080000,9.435627734774,-11.928110514498,-15.123334539750,8.020691877515,6.079598791267,10.122319637841,-27.988306726335,-8.363694294067,1.313006579197,19.195431791921,-20.743926343781,-42.543787253694,9.281923457656,4.126944560670,-27.452517187951,31.728504384924,-25.604432823712,-2.973288638157,4.612578982489,7.478829599196,41.660405085668,0.546194116283,-16.510991323023
16,-17.557436342863,3.551172851359,-8.557363034911,5.253315090514,-27.638072569773,-35.054068787258,7.663528616140,-7.368947721618,-9.421664864076,6.924132722879,8.923295395944,15.927943056873,-28.820615367334,-9.972742729433,-0.466570055506,15.664796304563,-21.886908792335,-50.237097505287,6.470162468386,-2.599145012337,-23.758993852868,31.825907904502,-19.479730175065,-3.588980940656,-1.980681019073,8.685175974302,37.682923670156,5.042726358522,-14.244689368293
17,-10.063806086243,6.923389720151,-10.388786673619,-2.610931125264,-28.382462985477,-27.142084175862,12.073654764564,0.694064034404,-3.614354896671,5.207273525142,7.089170276781,18.992456304281,-30.184511453245,-7.944128026816,0.389435895971,5.088655593644,-22.040403441637,-51.955027075630,1.827344791752,-14.306202637639,-21.005279782739,29.371898786793,-20.148030286645,-4.502496103810,-7.839906791226,9.903021868374,34.379713168610,4.494945272879,-6.122991298700
18,-5.038226597238,15.419901078019,-13.812744336133,-13.115758466688,-24.930505468423,-19.871928131663,17.216383248075,9.566210021009,-0.032610246195,4.738594135442,0.473899909838,18.026210486227,-31.946180790984,-4.406806444652,1.986527373468,-7.564438275555,-24.721354005287,-43.633742595343,-2.883808949233,-20.765707169980,-22.142768884192,23.310082069482,-19.251087736717,-8.634658562314,-10.281109463706,7.495802475544,30.681909553599,4.328295411697,1.501305947488
19,-1.185631607446,21.622026278577,-12.362237077354,-21.972527083647,-19.198484450488,-12.491483501457,23.243932434485,12.284348692765,0.272953988929,2.328781562512,-4.303868526738,18.612379445434,-33.545034719931,-1.765000127495,2.904072825947,-12.191047966664,-26.152272042488,-32.645550357082,-5.752640230653,-20.032413418939,-25.388356078135,18.825205073452,-14.532935089147,-13.358295284122,-10.642304225724,2.793183648835,28.430470520529,8.926607070439,2.309573276687
20,-0.587361308779,20.824441042981,-10.579723017667,-27.678155572977,-14.547370347508,-11.516537729154,28.082794727269,8.450906773324,-4.830302684941,2.563952509783,-8.536224172814,17.411948350679,-33.897511594234,-1.455231537407,4.147112966653,-15.301723318956,-22.610196289579,-26.323896060069,-6.418686789678,-15.771934319022,-25.188006479037,15.719782922966,-12.300939307044,-15.450012781673,-9.448852888978,-1.103815363193,29.038707256866,13.504491930003,0.885772008849
21,-0.961864470934,17.426907956055,-9.799679389631,-31.271937715348,-12.552015498853,-18.636316243738,25.649454270472,4.247454572176,-9.717518621554,5.720490657212,-11.195457073263,15.036168151281,-37.409378347446,-1.963894452544,3.414239177179,-21.505130670041,-17.449343618462,-23.039805660776,-4.989051513368,-7.799564808847,-21.818173478531,11.970662023959,-13.067086182083,-12.844439294026,-7.700093711729,-1.308463921814,27.509714389089,14.187892428220,3.146180314872
22,-1.789073380698,15.051889453992,-10.217619575777,-35.479901988379,-12.966047665019,-27.230736016745,16.938025682106,1.370951253398,-11.855813131282,9.170952549096,-13.743070372934,14.526814271312,-43.409474453990,-2.851667872261,1.006109280348,-26.936527998088,-13.919910399305,-20.679334553993,-3.300810827140,-4.288310716549,-18.611673421204,12.113330724906,-13.395769273510,-4.666135930676,-4.148777732382,-1.596409454580,25.503232073161,10.555627461731,2.161448425351
23,-6.129384837605,15.636247877738,-12.789466057414,-35.886062595437,-13.460823782639,-31.209443769069,6.486208692967,0.177901052635,-13.113602403075,12.192375780565,-16.901493866305,16.995090028431,-49.699073931448,-4.190119999143,-3.282914345263,-32.418831036109,-14.124185912837,-14.644007271763,-4.251441446070,-9.234702300168,-17.394696025878,17.689568110855,-9.380713520476,1.763968494673,1.422973272971,-1.935943989257,25.624397185328,9.227229912322,-0.131895292480
24,-8.641557776034,16.078979934864,-12.876966271070,-33.816917642419,-13.668069419543,-28.423401873302,-0.386748482178,0.072744986480,-11.068879492819,11.709506122491,-14.903749526862,21.627151791868,-53.502930216741,-2.782359827956,-12.299302892096,-36.732967763828,-11.856164647591,-10.939310473242,-8.256225997384,-21.717672858109,-18.917885326246,21.663613187993,-2.116595596424,6.924842121264,4.894032889435,0.831990928018,25.997776599975,12.152509624471,1.789000995499
25,-6.205573570806,19.151137894970,-11.625508811031,-31.304416772174,-14.278785360499,-20.600361572398,-5.317214596046,1.977496947734,-5.637299373040,11.394655509579,-11.117450598386,21.796813888411,-52.733761746185,-2.379324023327,-21.252876072560,-39.312379072091,-9.121058597864,-11.363465656201,-15.268856647778,-32.295956812863,-19.110444899018,17.779488103287,2.536728871402,9.798182872978,6.378121529728,1.500053675818,25.556785320870,15.878140695131,3.404192571141
26,-6.692657213358,25.894087875206,-11.009083883019,-27.601671332084,-16.968639224917,-10.670488081549,-8.258575961835,6.817169736630,-2.637103797668,10.755404709757,-9.935909160545,16.902745195752,-52.704629780593,-4.925370527945,-20.905135543295,-41.600911678924,-10.306296899049,-13.176723417969,-20.439403024163,-32.900338882371,-21.610322386382,11.786949578976,2.923070090730,7.917827369243,3.829895961912,-4.006980441178,23.701853907051,19.369914910341,4.577738119789
27,-12.213464085439,32.114887781770,-8.867974917789,-27.117014105994,-18.727508476154,-4.015585769365,-11.930451082234,13.800754705364,-3.054759421355,9.550498357613,-7.673126931117,11.277206005732,-54.150714179547,-4.394800605103,-12.818905241645,-42.083928233260,-11.511526172850,-18.849532902745,-20.147328739095,-28.704980529378,-26.586764174922,7.743129772341,1.020464824190,2.326515457466,2.653961439075,-11.803814271035,17.837308071954,26.172745594295,7.356811094872
28,-15.764797460062,33.529162537978,-4.874928792984,-27.539507224056,-16.286464860766,-5.712185639138,-17.820679885547,18.067997828342,-5.596556643602,11.152531156875,-3.676774884488,6.916861055417,-56.198009072766,-4.507389524087,-4.606565764436,-40.179056109164,-11.364894305926,-27.510213912770,-18.863569002411,-23.056651884573,-26.883532951461,6.349893350284,0.384879528429,-3.455518801479,4.138927616894,-19.088087446572,9.847211942360,35.215314257924,9.114764157023
29,-20.123516002134,28.892622920833,-3.163482919520,-25.080226272815,-12.137813384648,-14.736982049404,-24.972288696650,18.149716942978,-9.819274657115,13.723686002629,-0.982059954940,1.524640585046,-58.787578865519,-4.015897809489,-0.099970225095,-39.614184596906,-8.269534759500,-34.710820674084,-16.415562668261,-15.706558436240,-21.984507625719,7.344866533464,0.497355922663,-6.360226850552,2.971507705541,-19.545119258736,1.022661194846,40.664024737822,7.681485137500
30,-27.929091718619,21.461004390326,-4.064510174786,-22.291402458058,-8.994088851808,-23.665273340618,-32.263679408082,20.188386989707,-13.620686017820,18.322658359192,0.935073964142,-3.597090404064,-59.611099426552,0.137834571370,0.308683100603,-35.774218140014,-7.244335159025,-34.925495598444,-16.507938233535,-9.262365831957,-14.827051567971,11.704617192565,0.459065398916,-9.522464874797,-1.138733161664,-12.375639095539,-6.208010569477,41.752769447694,2.726708743288
31,-36.505209574756,14.642536984379,-6.915018112907,-17.373771324287,-5.861304593577,-26.729239698611,-36.842734941932,22.520475564516,-15.563376114415,23.199662385435,-0.893041374371,-4.029201565445,-58.087540050500,2.857720547584,-2.212590474454,-28.974967668140,-4.732115068438,-30.066049680313,-20.408430690068,-5.880376157420,-9.617031584102,18.082294700442,2.150517010943,-11.760958946488,-4.902952359117,-4.348741451993,-8.876731449151,42.347453617518,1.417503982882
32,-41.478517637308,7.438455023146,-12.535145856007,-11.379833108335,-4.961658574620,-24.945312820033,-38.690841419332,22.930613213001,-15.036335219611,25.828582054580,-5.098240719035,0.290328757717,-55.358517532505,4.997312548239,-7.708549351149,-25.166486064394,2.281704361166,-25.085861362381,-26.169494325471,-8.478165921421,-10.136482238046,20.901075764778,4.033666819796,-12.495827673377,-6.891093507837,0.212347286322,-6.005978591844,44.414202626787,6.917988576656
33,-43.718818126428,2.605609508836,-18.044038868081,-9.078938162004,-7.174582165242,-20.595058749951,-36.271003291676,25.239683985651,-14.542221949924,28.196603687718,-10.164968802864,6.890928717696,-54.575878496407,3.147790483719,-14.264566237199,-22.558355264761,5.183751675109,-20.199631917715,-32.155532545271,-12.265756248826,-14.004721069439,16.550455719845,4.358462564527,-11.917928545868,-8.827573472885,3.085820652521,-0.601873895332,42.932021985211,8.693728522311
34,-45.025099911649,3.410878515912,-20.833330055072,-13.610178351369,-11.288207471896,-14.267702194011,-34.101998561375,29.006809461904,-14.303845240707,27.267083661715,-14.202604322327,14.290310330133,-53.230032323879,-1.381274136114,-17.465625178308,-20.804859831918,7.688518309520,-18.139599569398,-35.203718120316,-12.890666643883,-15.060881296426,5.214291441337,3.212078603750,-10.382004274451,-11.456009798683,4.175660735629,4.685345007630,35.463168709810,3.613521473877
35,-44.323620651527,7.083397931407,-19.094067191593,-21.534406832153,-12.402098849141,-8.385943188430,-33.368490357923,32.369612930632,-16.692285286864,25.989263034208,-12.355902222012,17.464293641301,-47.222412771877,-4.523541922002,-18.427692501334,-20.661297924294,12.248995859491,-16.217515809112,-37.029728827890,-13.287676030687,-15.409952209235,-7.737924607726,2.563550205386,-7.814673159564,-11.790224227949,2.450485166947,9.387754238862,31.595544735452,0.153219909057
36,-41.311648607131,7.468005585724,-16.126016969085,-25.221705323977,-7.583742732696,-4.776521707317,-33.786775037754,32.692660398860,-17.877590894966,24.906257590596,-7.970451558762,15.528108417769,-42.344096834758,-6.269593850813,-19.155054076185,-15.731041761069,18.313348527184,-14.442688584606,-38.893898616850,-12.720816135092,-16.105312648936,-15.951472649378,1.248703695899,-2.617391369672,-12.052545581067,2.006242530732,12.868054603215,33.611467589328,1.006109982794
37,-33.783861483749,3.230316968095,-13.243832184486,-25.925383250979,0.184196692982,2.203540466139,-39.857213582311,31.058628549496,-18.890653574786,24.297920812961,-2.793910054714,11.791596805795,-38.448666656045,-6.536933945941,-17.778565979715,-5.810465342261,22.273739209415,-11.197828070304,-39.120373579104,-15.727520645543,-15.923636894043,-19.405272969139,-0.772102294945,1.495527377107,-11.648314756011,6.784986869898,15.504477180654,35.344888712431,5.065555653222
38,-25.403725927537,2.328353415645,-11.228586021106,-24.353396825930,6.884912421137,10.464418296617,-43.381475705128,26.081713658830,-20.955003037873,25.599778585931,-1.000225596420,11.715185023457,-35.575144318605,-7.337854138911,-15.861530011586,2.649091565770,18.227615618295,-1.819719668891,-34.152916703766,-20.284204211769,-14.944501007606,-20.518502290698,-0.651052473802,1.402434405511,-8.476276728119,16.652908065683,13.432804037681,33.317597362735,9.288760431119
39,-15.696230341103,6.799487081663,-14.207585515638,-20.951021144466,10.499633307270,15.282415862590,-40.402592342495,16.776215716295,-20.349431936341,23.370433260461,2.567446005201,14.081245914527,-36.888684472503,-4.959116894348,-15.659574423800,11.748672514865,10.688882507819,7.946271678226,-26.496647114389,-20.614457005184,-11.391546881897,-16.973345661827,1.532789812101,-0.690515988388,-2.618735244853,27.067270543772,9.387272484015,31.400519203186,13.253191242730
40,-4.702594566959,14.800850750319,-16.296867139129,-18.151830613783,10.731071826377,17.656747428436,-34.997439842424,9.797786962635,-17.746185196585,18.851065200958,5.496783000534,15.443665285788,-40.696383013952,-1.127235801399,-18.395858990164,22.215758982235,3.004569927814,15.142218859562,-16.705275679315,-19.872688543591,-8.033127977677,-8.623474751369,5.231048398280,-5.013053494209,4.208146792284,31.360882556286,6.012081674784,32.301869440118,18.006236677949
41,5.355401722362,23.756457363007,-12.693058250358,-14.806642704609,7.017718580962,17.784625330719,-27.871011683696,5.990942246427,-13.056262513460,13.920735167742,2.262196954481,19.326282744602,-44.296601791229,0.494680041033,-19.699733021145,30.076798951316,-4.347343827510,18.918467000972,-10.046906959516,-20.359215782266,-4.208356246595,-0.288973018646,7.177609018755,-10.061737493303,7.515790843819,25.091903281908,4.085238029634,31.144514407702,19.127402813245
42,15.613833823884,30.548887444408,-7.089432732231,-13.771465376433,-0.267335098172,16.424478254609,-20.177564202984,4.093845984468,-5.318337675838,10.221599943363,2.593877980857,20.291859009242,-45.014458610832,3.081413257896,-20.019373012912,37.039189307376,-9.798843203709,19.196517418313,-4.229471591673,-22.080863252339,-0.480707479634,6.160646868544,6.583664842775,-9.375029731421,9.395744336716,14.722770650336,2.598019597013,28.577427296520,13.945187155300
43,23.062460090029,30.205670487929,-1.749072916845,-17.562832506590,-9.207977856936,15.719422782058,-12.652401736997,3.407258749536,3.967105626065,6.964483752519,3.614568819378,18.451567438586,-43.896994485393,7.098354500079,-21.100382437883,44.189733214946,-11.009606175239,18.394787298782,2.415817183176,-19.219569325856,3.107901840420,9.868731868890,5.227545900408,-4.907455527430,8.913684597502,6.422431321452,-1.031683730040,27.580652697882,4.270769471727
44,28.096303307686,28.066857560793,-1.066061463990,-20.761683718172,-14.554583265369,16.904519504941,-8.220492549242,4.766173158866,6.802748614825,4.574914249041,4.651455677933,17.031077730708,-43.217828050002,9.301872648020,-20.702484863738,51.641243272321,-9.507656379170,18.939856707164,12.563843124664,-10.372915158870,9.169208723955,11.014085079902,4.451426799925,-1.254914489393,4.224748111283,-1.602808700072,-3.497422356726,30.642798379089,-1.211728991760
45,30.940777856961,25.742237773949,-3.707409785366,-18.273766425900,-15.961708212712,16.824452204408,-4.302799123162,4.719429282346,0.683940019121,1.480936609268,6.393450335858,13.752862078954,-41.664824195753,5.770814703759,-21.133178089528,56.506062091571,-9.056617020388,24.214707363702,26.816676040472,-2.700351503498,15.132770890069,8.926064927129,5.201188205290,0.304608484196,-3.458490017351,-10.566194360234,-5.464775607050,36.520427067423,-1.123279712428
46,30.644399684298,19.058549260832,-6.083672136028,-12.229202180518,-12.042302297738,14.756323316850,0.617429149840,2.009305397062,-2.491053322305,-3.141370601333,4.445662659024,13.218455399442,-40.462090471057,1.159727995629,-20.849241937641,51.348420506522,-8.214933055456,31.785169207422,36.853568376159,-0.704926847425,22.334048822402,3.959531148723,8.936909613729,1.815462120722,-7.664667740808,-14.767857823603,-7.737362859228,39.015595890271,-1.175123462996
47,26.519428522975,8.865875041217,-8.576375994921,-8.687446763945,-4.279225327634,11.945854761442,2.189085267789,1.872896764404,-1.435296674505,-5.801139146112,5.169113560344,16.234386790150,-42.943049662851,0.101615031956,-20.302258855041,41.623443920616,-6.409131183458,39.345730635838,37.304282762206,-2.987491337723,28.667516728677,-1.841238238331,15.691116510293,2.685426667624,-10.268714971838,-10.982598199844,-7.750219291254,37.279747616107,-2.426736044839
48,23.085737909361,-1.883476836099,-7.460806678430,-8.588254958785,4.616424553672,7.675270996151,0.200130408912,4.218019823748,-2.284438023556,-6.576818171214,8.624691207574,16.488560871552,-46.172331944666,-2.049845675569,-18.065939586547,32.753844528782,-5.648227016348,44.664930035880,28.908153656467,-3.056707359763,28.627305451946,-10.178170640258,23.935106017494,2.237628215775,-13.937335430436,-7.541605084942,-6.427393893664,33.283898334837,-4.388100599949
49,20.213538043938,-6.534460711100,-6.132165169048,-9.968822067385,11.161687918112,4.661583386066,-4.422499792895,8.216535792275,-5.546223144779,-3.932563924667,12.490501606921,14.658251400937,-45.992759320205,-4.014084681665,-13.356098433332,25.377064379061,-2.657475895469,45.629030615752,20.577014479283,-2.376439400594,23.388592228928,-18.610347068296,30.235081088143,4.020248525364,-16.580123231677,-9.264166149629,-5.520622106109,29.878005897358,-4.840029308501
50,19.272518585244,-7.099114527734,-4.886594233454,-14.092003831524,11.898782921539,3.445179580242,-8.900495881229,13.246299807146,-9.904203872762,1.047778262915,13.518868074005,15.254213152101,-41.448137178681,-2.381388644271,-9.744398128316,19.089809079758,-0.748114469647,44.251843302865,14.815950681642,-0.847261483004,15.601167311180,-21.873015630959,36.575562676706,6.839476959101,-17.109159071790,-10.879466380243,-4.514425030049,27.691052224478,-0.294264791107
51,24.617422754158,-7.563694896604,0.042284746579,-20.715515324313,10.754345104190,1.516883723548,-10.558679041278,19.897838445458,-11.922822738265,5.683726622549,8.972005839528,15.916182713130,-32.667874486172,-1.954224735925,-4.828596433701,11.928534235707,-2.354437093288,41.892961389452,11.331803274613,4.760427651218,8.767037533922,-19.243778250759,42.799245191342,9.727899375333,-14.904579900330,-11.138434506672,-2.955888584891,25.232336176644,5.522152157724
52,32.579435447261,-10.382117320263,8.458589812942,-28.007364425746,8.376532429853,0.046734361577,-7.616367212559,28.035315658326,-13.220438694435,12.515501805571,1.101606680808,13.411905343111,-21.468687687481,-3.795589471541,0.245569646920,7.869138294136,-5.269161494147,37.618577294975,11.681423941143,12.767460198998,4.865794237187,-14.840285616115,46.100068521523,10.982355801321,-12.952531157501,-11.829524889462,-1.471784385178,21.529378504706,10.889251535888
53,35.725371077029,-17.602463642803,12.549320251474,-32.452163886223,5.503326507021,1.122708854364,-2.090494062790,32.906969316258,-14.432018729158,17.356121839033,-6.119172964820,11.395736760122,-11.416104834156,-6.532852579106,4.483539894822,9.124740846060,-13.330129905237,32.945785088222,14.968334228926,22.519509827420,1.009549442331,-9.912094125636,45.239872402172,11.988908694922,-9.583539520091,-11.801025257874,-0.375941953851,18.006988161984,13.259124612407
54,29.088735703706,-25.352144820169,6.467655571015,-31.684640541363,6.161674987798,3.682492121153,1.874514406999,33.293934845680,-13.129658139136,19.128556463362,-7.255564606233,15.722081728292,-3.463316213415,-11.678580452601,9.457214600195,11.412292651941,-24.303300856283,32.574734288228,16.512422044004,30.825200145458,-1.759486997923,-7.573970645827,43.732350784945,13.110085637997,-5.387137417850,-11.396291711366,-0.876096476191,14.880325019181,12.416554626907
55,18.344268950794,-29.968557737270,-4.867601846212,-27.165663468021,9.781467443758,1.577077681671,3.204689528562,33.289479893144,-9.093348164951,19.927017404473,-2.093561198482,21.113411958146,-0.162949627551,-17.122193308084,16.176898425868,13.809461545475,-33.044128217016,32.194059614793,14.771328235140,37.769113391691,-6.190278919418,-8.403793699065,44.219336795073,12.731314325833,-2.359314328297,-8.616849092983,-3.364755359588,15.054648621264,7.893260127361
56,11.493204512504,-31.639773503831,-14.386347104183,-19.786910599435,13.350635478044,-3.634908010113,1.109395642330,34.673206617598,-4.441482900054,17.311011728752,4.876352307846,20.003959100560,0.598472665240,-19.135275457602,25.776200369102,21.352686192075,-40.465417077715,26.937447783583,10.209234799438,40.100796286871,-12.935318004584,-8.492975874288,43.359745885634,12.668549441660,-4.136538189578,-5.811053901183,-2.995226651627,15.206085437610,1.032138068364
57,8.252775851866,-28.336921109635,-19.854276615730,-10.347907786964,13.401044149481,-5.103253571860,-3.842139226911,37.483040787605,-0.364366219455,14.788704401989,11.145676778578,14.473675579354,0.936995856533,-17.968116104636,32.256213830881,29.628820611014,-43.299496345920,20.448625846999,9.788978463060,34.751047733742,-16.533004139997,-7.236937461441,43.538260722420,10.143181740232,-7.154523952488,-4.027691759490,-1.138976381089,7.775796104874,-3.765831658221
58,6.840521104964,-20.330662868728,-23.420105644903,1.227933753611,11.182015589198,-6.393998222910,-7.102946047410,40.922946109986,0.175180375071,13.957099188584,15.225698992442,10.583271356192,3.503592162310,-15.680885842686,34.667283211553,33.317024819945,-39.171880765083,15.264591965408,13.220900443376,27.034489382951,-18.391411394660,-5.316534734227,46.063577354838,4.927279309937,-6.293695557768,-3.785292352531,-3.765198953310,5.412352204385,-7.181118589043
59,9.632266473454,-10.179147662715,-25.485020939929,11.460635725431,8.826404724527,-8.270707942433,-6.377187782819,43.636538177393,-5.827611299471,11.724524774521,12.587514907281,10.548141871075,8.181145902496,-13.020962214116,33.302721048577,33.242418304003,-34.239720648330,10.764668199198,18.124179888851,19.842547536638,-19.727935638984,-5.215193759453,48.653423369624,3.287368992054,-6.512103082805,-4.838093772943,-3.549085580685,11.686882033558,-5.889795148378
60,16.607591569580,-3.310747982867,-23.755448224980,15.458932927223,10.789753459380,-7.120200326854,-4.288707760574,44.310028152253,-14.761175965684,9.520929894809,5.164599690392,10.415110659419,11.610650967043,-10.012287656452,26.891038397318,30.083832700215,-29.550342042420,10.792563751148,25.565259839959,15.671662314401,-17.869200074202,-5.234614421885,50.782594994232,2.500437785531,-10.186973869875,-2.644195895175,-3.837241245023,17.923124478427,1.793103782332
61,20.997855793232,-1.292238354418,-19.213189224837,18.544216516614,11.972338686802,-4.999191222904,-2.534456270848,41.409761665982,-21.675685121614,10.000105620909,-3.280493863296,12.763226122846,12.333887479960,-4.548672148768,16.315791755605,26.445366325435,-22.772115944611,13.227323164201,34.445970097912,15.659801793885,-15.162926743559,-1.794294449013,49.113094545802,0.846978737354,-10.170318442720,-0.012407789449,-7.835603992743,18.508737322726,11.449434359424
62,16.795443551340,-4.196465879747,-16.953661993874,26.687545846506,8.682258131331,-5.390301542260,-3.790873851731,36.087231869251,-26.440517158685,7.418179340568,-7.983362352486,14.265090406641,10.943509458788,0.109466067246,3.743388323378,23.983206681393,-17.687123858401,15.068132786968,43.366059656904,17.114869857355,-16.663452443516,2.102215117234,46.123898671139,4.044859114972,-6.614527200069,-0.656938152997,-11.424946045464,13.506316927559,21.278249104464
63,9.602882275213,-11.592746034306,-17.170112725426,36.311895306584,7.492936924643,-5.973270256502,-7.880165614516,30.454548175608,-28.221842042932,0.506719687046,-10.675878689478,13.528297986852,10.334183570885,-0.268363955835,-2.037723883782,21.193820833548,-18.536066081587,17.852505244718,49.702244200786,22.858183409486,-23.458876703295,5.298077029823,45.838496009366,11.408867605620,-3.302440493152,-5.131930430368,-16.832516583576,11.174006315361,27.554709450135
64,3.110269688376,-20.183733148692,-18.709391222819,40.966412464607,6.284881149742,-3.028179703287,-13.702864751880,26.821592772461,-27.408744942624,-5.382858555356,-13.520284396945,13.102323973432,10.387203839308,-1.512598547513,-4.743314174604,16.439069255327,-20.357463917512,16.230192101200,52.956290759118,25.228696957857,-28.734038240216,10.441191643338,41.592617023421,22.852805603352,-2.659540738137,-12.402274374461,-17.463157512701,4.630621923061,28.990924097438
65,-0.340963517374,-28.200050410521,-19.920571893714,43.097481870365,6.472066060459,2.397934908809,-20.856961719727,28.310090374098,-25.068978505237,-8.175570732431,-13.687157307164,10.990972172434,12.092430509108,-4.023950952133,-4.064811979743,11.603852089401,-17.476627044633,10.899206987803,49.356529838376,22.169273358792,-27.531573331970,13.849870856625,33.993488395498,30.186047434066,-4.068345819601,-17.478029873802,-18.698446781745,-5.549308623934,31.798524496223
66,4.841492623433,-29.866715509571,-17.948994762656,48.004035172682,8.036183138380,6.575257804473,-26.499566675294,30.370738808730,-20.307896956336,-9.597649418679,-10.311124098504,8.018692983704,15.014376086685,-10.009958940957,-2.738447237802,6.754349623713,-11.898282391111,-0.094717762699,45.195740123469,26.792252453602,-28.845289982795,15.848451466789,27.491626793630,31.166347854640,-0.081129763593,-21.462645113543,-20.301073936896,-9.269718734558,31.684534047173
67,14.760031447745,-23.804995807513,-11.546031006454,51.230881339929,9.924708742914,8.389397142082,-28.362313730593,28.030425398948,-18.988039403358,-10.477639518018,-8.648236628182,6.364167872158,16.045504045038,-15.662816361407,-0.984776350868,7.411802204541,-9.255346013957,-13.408813107544,44.718321931352,32.373006900039,-33.784861732183,14.013693791337,25.219898585975,34.051851083789,2.917340262770,-24.262819018201,-15.366539138719,-9.975706145115,27.911258888297
68,21.630444392455,-17.444774168194,-3.688548406790,48.897560460568,14.976107598937,7.429382877552,-24.156921867596,22.221660436865,-16.724013373740,-10.398461413717,-11.277645200098,8.040072542094,11.690929429588,-20.519078676163,4.488399233281,11.974938942437,-9.312430404321,-19.323342911508,39.987219417714,33.539185062628,-36.922454048335,10.808529900578,29.399007586210,34.411720162138,1.540539733121,-22.906455714308,-9.090520317686,-8.604500275259,23.221615760861
69,21.351651923807,-12.475665287605,2.587719707677,47.345621322548,18.141699844216,3.654475822972,-17.604186040554,19.613760512851,-11.612866008917,-6.679076354978,-12.748802248287,9.421134015854,8.207839751865,-22.033437329916,5.715534871463,15.582189374057,-7.557475306500,-21.412536097441,32.370138364084,33.692003669654,-37.488872622169,11.309024136863,27.830985968623,31.352297220597,1.784670744478,-20.286669887468,-7.252030219500,-7.238083220420,20.426970258760
70,19.234474249513,-6.965693391124,6.433263867904,47.516322813136,15.080536501248,-3.453562962910,-13.724574463555,21.151776952132,-11.623650749677,-0.353218192204,-13.346385250407,9.279043370180,14.517517237297,-22.264935157295,10.997391448427,21.830386054021,-6.295566116558,-20.299043404802,24.860614033997,35.650706757545,-33.108535631882,10.734571689525,22.087742043932,28.683057261208,2.308169244120,-19.049992108579,-11.751251545546,-3.698837862785,20.860602151401
71,21.003662095448,-0.461889722216,6.886754539912,50.030417554063,6.110205416452,-8.430727534000,-13.270779054840,22.311867698766,-12.894057651785,4.606706143918,-11.087611021965,7.917988949130,31.593442361233,-21.796228107721,17.531415105434,27.205697621308,-8.580089002152,-19.404513367846,20.997946371517,39.337249415710,-30.412834094646,11.448630885170,20.278089784404,25.917268775899,0.883697294466,-19.400070222373,-14.988767862965,-1.415394277298,21.040786813660
72,25.441189705328,4.067858831687,6.724272713696,51.688989893364,-2.808034296912,-9.114235803380,-15.013149909452,21.673577510421,-13.628593534693,7.856432399023,-6.896074235661,7.099457516995,44.204747125804,-19.397155265288,20.183338314610,30.664410018133,-10.433979304668,-18.376187311708,21.043823753890,34.345548250731,-29.060167505302,11.155788474437,17.776742014331,26.575935139770,0.468640660457,-19.601638615838,-14.093609510078,-7.844290591516,22.333112953986
73,31.832842966007,3.903132962499,4.199739966218,51.895025965735,-7.294937462239,-8.898855601918,-16.470628513982,18.138243196893,-11.528330076442,8.957566890527,-7.113784065594,9.999840299393,48.024371631352,-20.418698692186,22.787156820613,27.912960990899,-5.853179705431,-15.525682452301,12.653900922142,27.516285582189,-24.463707586763,7.223665249380,12.436090413028,27.807454781421,4.128814624254,-21.463683400005,-9.311034392832,-14.264797579231,20.908602132732
74,36.523339386723,2.763821415865,-0.327242076791,51.047777370793,-7.132611225539,-5.976488875541,-19.145685777778,15.923931748872,-7.216089437814,6.584572859840,-4.714594250338,12.582268806821,49.494718653156,-22.849153005454,24.069877158704,25.822071515943,4.736841903407,-19.624593950659,1.822677015300,25.524543803247,-22.880685409611,6.224492310008,4.692437179284,28.752147635953,9.305792311915,-25.653178807088,1.943967216594,-19.995715094216,16.629109576594
75,33.053330197342,-0.273903347736,-2.517482332667,45.936212707247,-1.908138954385,-1.925259053963,-20.003622013017,13.529770732895,-10.464312824311,6.372209919288,2.187078120005,10.554929578196,51.082784112272,-24.118061715298,25.760146446712,31.165851228947,11.739422301693,-25.474965994790,-5.245603397489,25.886893217048,-21.929221988698,4.862732559413,4.672650185679,29.165110473879,13.300885349038,-25.366031040190,12.382937780543,-24.988692651760,13.054659550218
76,24.123280547134,-5.301916633918,-5.797193236276,39.692759424760,6.702669394209,5.186627283451,-20.036712999882,5.513843383437,-11.294052100253,6.348921693548,4.750145512221,10.421815555897,52.448109796090,-19.858354084782,27.809030282620,33.134054071711,17.702057587074,-27.333629143671,-9.810992020336,25.770091306223,-22.609696570835,5.288215790513,9.595923675288,28.274335037183,15.028173817414,-24.081041553826,14.574879089394,-29.135772321556,12.670354025701
77,13.369527805867,-10.180384149938,-5.786881383597,35.770462509110,16.797926244814,10.154049117094,-23.124927001907,-1.810548346937,-5.224293066618,-0.098533808991,2.382191120188,11.683945247960,54.307516864446,-7.944881690608,19.065212160671,31.909328745205,25.936805632526,-25.208342470410,-9.259628678574,27.761092005148,-19.972214977742,6.297475991503,11.607420883569,28.079048198992,13.362577043465,-29.591576592029,7.553167125207,-31.816254268666,15.152121380371
78,4.503585690492,-11.741873093507,2.292870121993,34.111215254985,19.821451029304,7.836496802187,-22.860935093004,-7.717952280210,-3.988046388238,-7.612943955089,-2.112512115216,13.194379084544,55.911667927166,1.259622432366,5.992233544622,30.044958332656,30.797971536082,-23.028029659614,-7.547112914296,35.951852830370,-10.918894081674,3.773486062102,17.897758283171,19.810694787319,10.432848390723,-37.435072126299,-3.053680910202,-28.796760223199,13.593833558017
79,0.907139057466,-9.950949339124,7.464230447538,32.662645316305,9.994553762783,7.777247736772,-23.031506719383,-13.361306088201,-5.955092596469,-13.782798122646,-0.950804601058,14.663913261811,53.079969438361,8.095464043573,0.552225298816,26.488404789709,31.149651390929,-22.797042149070,-3.524788537840,41.154925776320,-3.334459164305,3.901492898437,20.774808165215,7.264318474359,5.481643563108,-40.696911587212,-8.450814936726,-25.226230925556,12.516508980991
80,2.540654127280,-8.934492775701,6.407149252086,29.824654745557,4.137606856230,10.733982218460,-25.011255795706,-15.069441474947,-3.906976526140,-13.466339082531,1.865891019579,11.124887864174,51.063264467956,13.108002590797,-0.900280177583,21.184667212352,28.710285074151,-21.323368768558,-0.602394268290,41.417563670974,4.113855713711,4.721384326004,15.335795691121,-3.266780782132,2.037517917615,-39.316523445174,-11.838988938631,-22.228703097670,17.471527380144
81,8.745471700621,-8.885409860088,2.209521117210,26.395094646743,5.758362817348,13.454805379087,-25.265395458836,-12.341739814863,4.760620016892,-10.725341270677,1.824632225357,12.694210234375,49.798191081195,13.623372227123,-3.568134702979,9.038195192277,27.307104207193,-21.006097050505,-3.033247986527,44.290418878211,9.320300767491,4.589831697795,5.034702105686,-7.919932908266,6.251363179591,-42.693256680190,-11.573202282562,-17.670423992479,19.822503570959
82,10.656130158154,-11.492281572357,2.010720985908,22.520401092533,9.339275495772,17.921074539626,-25.298851082440,-4.415655756433,10.900844825477,-14.176220139522,2.812293544224,14.658119069795,50.105954522872,13.893189847308,-10.392429833654,-4.459471468094,21.829777635493,-18.663973888402,-2.913114487588,45.078807290032,11.030417018603,-3.131138881397,-5.325808861715,-3.288370664985,8.760147782808,-47.962996687037,-5.736810124455,-16.076865609931,18.515973875552
83,5.623289380366,-13.310589417356,3.328188861442,16.782345902559,8.829400539709,21.154232711911,-18.661575043103,0.784885300698,10.285707414399,-15.430918673924,-0.273853377627,14.412377848501,46.984852050269,12.550163711983,-15.348533897384,-16.983461319345,13.041365756071,-10.659014221749,-3.868881485153,44.794898285870,7.479582727475,-14.982577013765,-10.530657814473,-0.052923828720,8.767640334573,-47.148055059471,-1.822401252783,-19.754502527818,14.903804379169
84,-0.094589863484,-14.714772063537,0.747697891466,11.641846563997,4.608437018354,27.223245115325,-13.306550097688,-0.007508571505,9.964726131483,-15.031051339553,-4.840245620099,15.871848160719,38.126490917393,11.735378970704,-18.778574930204,-23.243521647593,10.040178158875,-4.328479078655,-6.787075865247,46.724765449381,2.739820681045,-17.712018777766,-15.128688439152,-0.194515931508,9.909844154508,-42.124463755598,-4.451818588289,-27.132558993135,11.622167996123
85,-3.273801325080,-15.280463772897,-3.415374972413,9.103724936624,7.863592621677,34.195547069595,-13.987903006635,1.339755617490,9.395602628874,-17.163453804030,-8.025617189487,15.229936966953,30.352439274395,8.693580229881,-18.852962669076,-18.721807121582,11.500433351290,-1.998633125317,-11.958595262495,50.110505838660,1.006991786575,-19.817361384824,-18.542998961204,-1.706896166077,10.187809683182,-32.689666941919,-11.426403595352,-34.497006245754,10.284071168303
86,0.793055052185,-16.001352212712,-4.679255608677,10.388717286045,7.931989530312,35.909957082395,-10.231315765926,4.424802280928,8.948885055333,-19.393936440396,-8.725713370319,19.317156703844,26.057403008524,5.415205461192,-14.186956292542,-9.490549097287,15.513521697803,-0.875169669551,-17.786333165272,54.267739723320,-3.257314697524,-23.957947577288,-18.717003110706,-6.235470149650,9.019073285939,-19.243918427916,-21.413288040531,-38.733548381788,8.384205924416
87,7.296196855427,-16.110723415967,4.228165589975,12.169137420689,2.682375290776,36.282493144052,-6.642797656371,5.597864023130,8.660307110118,-20.051451971413,-5.531460572084,23.022836865816,27.312300342087,5.321780352204,-9.617828210990,1.099647451286,21.556251594495,1.022423501506,-17.615206084030,52.320794948183,-8.849385986127,-25.247411294768,-19.580496694509,-10.434306447328,3.106809793477,-3.339694412775,-33.270585518269,-40.338311484188,6.197550565890
88,17.824677755474,-8.854797639050,11.213773114423,13.086437232818,1.442220013788,33.061042661427,-6.069989652224,6.107836627051,10.518168035012,-18.372590489970,-4.565015150397,24.965588568559,32.717058459322,0.829934532719,-4.997298902116,2.742132788880,27.316824763188,3.641717085676,-18.428301254180,49.963486663548,-9.934930017079,-27.077869329456,-22.707434581529,-14.570231386974,-3.767578866704,6.056687251339,-42.118718110678,-35.105397750046,2.812889597479
89,33.200767249055,-4.355340228339,11.863823512569,16.401199906091,1.262426106963,26.818472861394,-8.774245287719,10.280094840943,15.718511261626,-20.059928743128,-2.364856759151,28.029219248561,35.578646459672,-6.346095915557,-0.908699147908,-3.441877523836,32.948369154281,3.111109169991,-18.527126977347,47.639350398477,-7.708870642416,-29.450040701465,-24.507647967270,-15.434722589828,-3.971774789119,5.724567603263,-45.299004458406,-30.179691063319,-1.680432930870
90,34.907894737314,-4.227481559151,15.744309634800,17.146887956533,2.106538279924,19.185544802114,-10.018020413851,17.677953688944,18.551770035303,-22.987194079688,3.433793962447,28.102581062058,34.339114071948,-12.574961295163,4.350214101617,-10.639884863998,34.819556434956,2.269730644720,-14.779428730563,39.526479124070,-6.852272241645,-31.542310958061,-22.263959692162,-12.728861426320,0.079330493769,3.175046966847,-45.443301236335,-33.405382458496,-6.218089172981
91,22.957640141157,-0.222962228061,18.577219595336,14.487837565776,-1.967774295785,15.614789795446,-8.157934302415,22.374683500799,18.788376539821,-25.273138981233,8.534243254744,27.884822043811,31.123005443466,-10.598840998397,6.834811300341,-21.428777024212,35.613613668130,0.509846412998,-8.019207071219,27.849401180430,-8.577109121017,-29.668307608201,-22.064835242700,-10.698593790081,2.708686038211,-2.650400654514,-46.017545546878,-40.756810238359,-7.111132362704
92,9.278611769433,1.970985641614,17.022149916257,14.904319690298,-9.326304850882,14.248820066985,-9.727958583291,24.131566745779,16.386341833248,-30.924533981343,12.673659726510,21.484999591860,32.622709739830,-2.124442814292,2.830862141354,-28.089762943048,34.078935860845,1.762783487001,-2.754395003849,18.625896826165,-9.136737618903,-25.975405734965,-24.980861535976,-9.425217431638,0.260722412847,-9.480605050735,-46.136945679833,-47.398417983715,-5.966586275400
93,4.182238673060,0.540261882705,12.306310189732,20.670023760731,-16.169039939590,11.424054198465,-10.117520568304,25.360483295757,11.729232205805,-35.777956130058,13.619420351250,13.501607272691,37.105006577563,4.098400205211,-0.902037367777,-28.744625023220,29.893700825349,2.753158965462,-2.463737191629,14.832846941233,-8.402562443407,-22.246904414577,-26.958243768095,-13.343961152944,-6.638016035301,-14.094344623957,-41.752029578248,-48.078876861460,-7.557733992120
94,6.752511645711,0.265908995723,9.548971430891,25.104337229069,-24.405888021763,13.533006405364,-10.593112707482,24.959649667117,6.497774000279,-41.986250234118,14.428320886188,9.536765889493,36.105652295199,9.384382699702,-0.059432255426,-25.970033132009,26.499571926990,1.358593069811,-3.992061576228,13.018614939015,-8.003354779223,-16.160930531309,-25.859002746377,-19.415416662387,-10.912800648792,-13.605955007423,-33.758753994782,-49.162102282222,-9.705084423691
95,5.972221857576,1.948284834074,8.195688720500,27.827127450083,-24.722042539869,17.871524708527,-13.752943013078,23.899407548009,-0.145903083501,-44.544779479828,13.089236750951,6.521448394455,33.662158167027,9.522327045576,4.131420697745,-22.812233968898,24.714056943603,2.580827105172,-6.696426757666,10.929719276977,-5.203439964482,-13.736881400751,-21.518360940888,-23.635185596402,-13.741413152648,-4.132213838295,-26.157849823192,-49.566160881259,-11.207157503826
96,8.281264944609,1.281406353672,5.573387861634,32.566566189372,-20.471486489527,19.336305335001,-16.530781000747,20.104572298611,-4.414985741022,-45.329412164750,6.592171574785,10.181862261675,31.646361089422,2.724071640186,7.674114063658,-23.250858003554,24.516665952382,2.576136116635,-7.654993964213,4.452391303955,-0.597611645867,-18.535506354449,-20.960801450054,-23.096202532476,-13.070261790837,6.919608830888,-22.778183933835,-45.675338137305,-14.465368375242
97,13.155805076988,-2.890944518253,3.838952232344,34.637270206290,-14.658243737348,19.733267854278,-18.452271558597,15.784103655778,-9.633510702685,-45.717957667899,6.949449830538,10.763203539081,26.829824001835,-8.593568286330,12.557968990263,-22.604271221868,21.962085807309,1.187290282014,-5.186444644459,-8.514170012607,4.941049382976,-26.522185236560,-21.611629783625,-22.106172116408,-9.212725599620,18.519317015561,-18.966638235060,-45.037168090836,-17.038423035182
98,10.025888754374,-3.956615370837,1.831052330206,29.854663533076,-8.602645031407,21.605847807143,-14.737156464583,11.120347072084,-16.557833813647,-40.627660875594,14.753671539660,1.965701874344,19.020112478299,-21.370998331380,21.102503430810,-18.798626258879,19.616131283846,-1.226525523488,-2.749868940488,-21.798067236107,10.322525567378,-29.797252585491,-21.724491893939,-22.930370132594,-3.939726781185,28.739448816115,-12.436654312955,-49.601830695760,-16.653137381208
99,1.687967347298,0.205493791105,-0.583726978651,20.253870120313,-6.359516278830,28.532765843357,-13.541592407428,3.146368987470,-15.123767127260,-35.953948319606,23.670554433443,-9.440996601785,13.141110067012,-26.876202053326,25.660972867783,-12.487500011312,18.258337978928,-3.731094779422,-0.922362803930,-29.402293263871,14.130686678325,-29.279334191248,-22.643643665770,-18.843047303796,3.998920134077,30.304190303952,-9.124582957436,-54.460676295213,-11.870578685686
